"Country","V1","V2","V3","V4","V5","V6"
"Afghanistan","AF",638,104.3,0.28,0.4,"Asia"
"Albania","AL",15,10.8,1.22,2.9,"Europe"
"Algeria","DZ",112,17.6,1.79,1.9,"Africa"
"American Samoa","AS",NA,9.9,NA,NA,"Oceania"
"Andorra","AD",NA,3.5,3.33,2.5,"Europe"
"Angola","AO",241,62.3,0.21,NA,"Africa"
"Anguilla","AI",NA,3.3,NA,NA,"Central America and the Caribbean"
"Antarctica","AQ",NA,NA,NA,NA,"Antarctic Region"
"Antigua & Barbuda","AG",NA,11.1,2.96,2.9,"Central America and the Caribbean"
"Argentina","AR",39,9,3.99,5,"South America"
"Armenia","AM",26,11.5,4.4,4.2,"Asia"
"Aruba","AW",NA,9.8,NA,NA,"Central America and the Caribbean"
"Australia","AU",6,3.1,3.68,3.8,"Oceania"
"Austria","AT",5,3.3,5.17,7.4,"Europe"
"Azerbaijan","AZ",26,21.3,3.45,4.8,"Asia"
"Bahamas","BS",70,10.6,2.01,3,"Central America and the Caribbean"
"Bahrain","BH",14,8.3,0.93,1.7,"Middle East"
"Bangladesh","BD",173,28.3,0.54,0.8,"Asia"
"Barbados","BB",27,9.6,2.48,6,"Central America and the Caribbean"
"Belarus","BY",2,3.5,5.19,10.8,"Europe"
"Belgium","BE",5,3.3,3.07,5.7,"Europe"
"Belize","BZ",36,11.2,1.12,1,"Central America and the Caribbean"
"Benin","BJ",397,58.7,0.05,0.5,"Africa"
"Bermuda","BM",NA,2.5,NA,NA,"North America"
"Bhutan","BT",183,27,0.4,1.7,"Asia"
"Bolivia","BO",155,32.2,1.59,1.3,"South America"
"Bosnia & Herzegovina","BA",10,5.2,2.16,3.5,"Europe"
"Botswana","BW",144,26.8,0.53,1.8,"Africa"
"Bouvet Island","BV",NA,NA,NA,NA,"Antarctic Region"
"Brazil","BR",60,15.9,2.17,2.1,"South America"
"British Indian Ocean Territory","IO",NA,NA,NA,NA,"Political Map of the World"
"British Virgin Islands","VG",NA,11,NA,NA,"Central America and the Caribbean"
"Brunei","BN",31,8.8,1.61,2.9,"Southeast Asia"
"Bulgaria","BG",10,8.1,4.03,7.5,"Europe"
"Burkina Faso","BF",320,52,0.08,0.4,"Africa"
"Myanmar (Burma)","MM",250,31.7,0.86,1,"Southeast Asia"
"Burundi","BI",548,40.1,0.1,0.8,"Africa"
"Cape Verde","CV",58,19.7,0.78,2.1,"Africa"
"Cambodia","KH",160,43.7,0.19,1.9,"Southeast Asia"
"Cameroon","CM",529,51.5,0.09,1.3,"Africa"
"Canada","CA",10,4.3,2.31,2.5,"North America"
"Cayman Islands","KY",NA,5.5,NA,NA,"Central America and the Caribbean"
"Central African Republic","CF",829,80.6,0.07,1,"Africa"
"Chad","TD",1140,68.6,0.04,NA,"Africa"
"Chile","CL",13,6.2,2.44,2.1,"South America"
"China","CN",29,11.4,1.98,4.3,"Asia"
"Christmas Island","CX",NA,NA,NA,NA,"Southeast Asia"
"Cocos (Keeling) Islands","CC",NA,NA,NA,NA,"Southeast Asia"
"Colombia","CO",83,12.3,2.11,1.7,"South America"
"Comoros","KM",273,55,0.27,2.2,"Africa"
"Congo - Brazzaville","CG",473,64.5,0.07,NA,"Africa"
"Congo - Brazzaville","CG",378,50.7,0.16,NA,"Africa"
"Cook Islands","CK",NA,11.9,1.41,NA,"Oceania"
"Costa Rica","CR",27,7.5,2.95,1.1,"Central America and the Caribbean"
"Côte d’Ivoire","CI",617,59.1,0.23,NA,"Africa"
"Croatia","HR",8,8.6,3,5.5,"Europe"
"Cuba","CU",36,4.3,8.3,5.3,"Central America and the Caribbean"
"Curaçao","CW",NA,7,NA,NA,"Central America and the Caribbean"
"Cyprus","CY",6,7.4,1.95,3.4,"Middle East"
"Czechia","CZ",3,2.6,4.07,6.6,"Europe"
"Denmark","DK",4,3.2,4.01,2.6,"Europe"
"Djibouti","DJ",248,41.6,0.22,1.4,"Africa"
"Dominica","DM",NA,9.7,1.12,3.8,"Central America and the Caribbean"
"Dominican Republic","DO",95,20.9,1.56,1.6,"Central America and the Caribbean"
"Ecuador","EC",59,15,2.04,1.4,"South America"
"Egypt","EG",37,17.1,0.8,1.4,"Africa"
"El Salvador","SV",46,11.8,1.57,1.2,"Central America and the Caribbean"
"Equatorial Guinea","GQ",301,59.7,0.4,2.1,"Africa"
"Eritrea","ER",480,43.3,0.06,0.7,"Africa"
"Estonia","EE",9,3.7,3.46,4.7,"Europe"
"Eswatini","SZ",437,42.8,0.33,2.1,"Africa"
"Ethiopia","ET",401,35.8,0.1,0.3,"Africa"
"Falkland Islands","FK",NA,NA,NA,NA,"South America"
"Faroe Islands","FO",NA,5.1,2.62,4.1,"Europe"
"Fiji","FJ",34,8.8,0.86,2,"Oceania"
"Finland","FI",3,2.5,3.81,3.3,"Europe"
"France","FR",8,3.2,3.26,6,"Europe"
"French Polynesia","PF",NA,4.5,2.13,NA,"Oceania"
"Gabon","GA",252,30.4,0.68,6.3,"Africa"
"Gambia","GM",597,54.9,0.1,1.1,"Africa"
"Palestinian Territories","PS",27,14.9,2.77,1.3,"Middle East"
"Georgia","GE",25,13.8,6.13,2.9,"Asia"
"Germany","DE",7,3.3,4.25,8,"Europe"
"Ghana","GH",308,32.1,0.14,0.9,"Africa"
"Gibraltar","GI",NA,5.6,NA,NA,"Europe"
"Greece","GR",3,3.7,5.48,4.2,"Europe"
"Greenland","GL",NA,8.3,1.87,14,"Arctic Region"
"Grenada","GD",25,8.9,1.41,3.6,"Central America and the Caribbean"
"Guam","GU",NA,10.8,NA,NA,"Oceania"
"Guatemala","GT",95,21.8,0.36,0.4,"Central America and the Caribbean"
"Guernsey","GG",NA,3.3,NA,NA,"Europe"
"Guinea","GN",576,52.4,0.08,0.3,"Africa"
"Guinea-Bissau","GW",667,51.9,0.13,1,"Africa"
"Guyana","GY",667,27.6,0.8,1.7,"South America"
"Haiti","HT",480,42.6,0.23,0.7,"Central America and the Caribbean"
"Heard & McDonald Islands","HM",NA,NA,NA,NA,"Antarctic Region"
"Vatican City","VA",NA,NA,NA,NA,"Europe"
"Honduras","HN",65,14.6,0.31,0.6,"Central America and the Caribbean"
"Hong Kong SAR China","HK",NA,2.7,1.96,5.4,"Southeast Asia"
"Hungary","HU",12,4.7,3.34,7,"Europe"
"Iceland","IS",4,2.1,3.98,3.1,"Arctic Region"
"India","IN",145,35.4,0.78,0.5,"Asia"
"Indonesia","ID",177,20.4,0.38,1,"Southeast Asia"
"Iran","IR",16,14.9,1.13,1.6,"Middle East"
"Iraq","IQ",79,19.5,0.84,1.3,"Middle East"
"Ireland","IE",5,3.6,3.29,3,"Europe"
"Israel","IL",3,3.3,3.48,3,"Middle East"
"Italy","IT",2,3.2,3.98,3.2,"Europe"
"Jamaica","JM",80,11.6,1.31,1.7,"Central America and the Caribbean"
"Japan","JP",5,1.9,2.41,13.1,"Asia"
"Jersey","JE",NA,3.6,NA,NA,"Europe"
"Jordan","JO",46,12.8,2.32,1.5,"Middle East"
"Kazakhstan","KZ",10,17.9,3.98,6.1,"Asia"
"Kenya","KE",342,29.8,0.2,1.4,"Africa"
"Kiribati","KI",92,29.2,0.2,1.9,"Oceania"
"North Korea","KP",89,20,3.68,13.2,"Asia"
"South Korea","KR",11,3,2.36,12.3,"Asia"
"Kuwait","KW",12,6.5,2.65,2,"Middle East"
"Kyrgyzstan","KG",60,23.3,2.21,4.4,"Asia"
"Laos","LA",185,45.6,0.49,1.5,"Southeast Asia"
"Latvia","LV",19,5,3.19,5.6,"Europe"
"Lebanon","LB",29,6.8,2.03,2.7,"Middle East"
"Lesotho","LS",544,41.5,0.07,NA,"Africa"
"Liberia","LR",661,47.4,0.04,0.8,"Africa"
"Libya","LY",72,11.5,2.09,3.2,"Africa"
"Liechtenstein","LI",NA,4.2,NA,NA,"Europe"
"Lithuania","LT",5,3.8,4.83,6.6,"Europe"
"Luxembourg","LU",5,3.3,3.01,4.7,"Europe"
"Macao SAR China","MO",NA,3.1,2.41,NA,"Southeast Asia"
"Madagascar","MG",335,37.8,0.18,0.2,"Africa"
"Malawi","MW",349,39.5,0.02,1.3,"Africa"
"Malaysia","MY",29,11.4,1.54,1.9,"Southeast Asia"
"Maldives","MV",53,19.8,3.72,4.3,"Asia"
"Mali","ML",562,64,0.14,0.1,"Africa"
"Malta","MT",6,4.6,2.86,4.5,"Europe"
"Marshall Islands","MH",NA,17.4,0.42,2.7,"Oceania"
"Mauritania","MR",766,47.9,0.18,NA,"Africa"
"Mauritius","MU",61,9,2.6,3.4,"Africa"
"Mexico","MX",33,10.7,2.38,1.5,"North America"
"Micronesia (Federated States of)","FM",88,17.8,NA,3.2,"Oceania"
"Moldova","MD",19,11.1,3.21,5.8,"Europe"
"Monaco","MC",NA,1.9,7.51,13.8,"Europe"
"Mongolia","MN",45,19.2,2.86,8,"Asia"
"Montenegro","ME",6,3.4,2.38,3.9,"Europe"
"Montserrat","MS",NA,11.1,NA,NA,"Central America and the Caribbean"
"Morocco","MA",70,18.2,0.73,1,"Africa"
"Mozambique","MZ",289,64.7,0.08,0.7,"Africa"
"Namibia","NA",195,31.4,0.59,2.7,"Africa"
"Nauru","NR",NA,7.4,1.35,5,"Oceania"
"Nepal","NP",186,25.1,0.91,0.3,"Asia"
"Netherlands","NL",5,3.5,3.61,3.3,"Europe"
"New Caledonia","NC",NA,5,2.22,NA,"Oceania"
"New Zealand","NZ",9,3.5,3.47,2.7,"Oceania"
"Nicaragua","NI",198,16.5,1.01,0.9,"Central America and the Caribbean"
"Niger","NE",509,67.7,0.04,0.4,"Africa"
"Nigeria","NG",917,59.8,0.45,NA,"Africa"
"Niue","NU",NA,NA,NA,NA,"Oceania"
"Norfolk Island","NF",NA,NA,NA,NA,"Oceania"
"North Macedonia","MK",7,7.4,2.87,4.3,"Europe"
"Northern Mariana Islands","MP",NA,11.5,NA,NA,"Oceania"
"Norway","NO",2,2.5,2.83,3.6,"Europe"
"Oman","OM",19,11.7,1.96,1.5,"Middle East"
"Pakistan","PK",140,52.3,1,0.6,"Asia"
"Palau","PW",NA,9.8,1.42,4.8,"Oceania"
"Panama","PA",52,9.1,1.57,2.3,"Central America and the Caribbean"
"Papua New Guinea","PG",145,33.2,0.05,NA,"Oceania"
"Paraguay","PY",84,16.9,1.37,0.8,"South America"
"Peru","PE",88,16.7,1.3,1.6,"South America"
"Philippines","PH",121,20,0.6,1,"Southeast Asia"
"Pitcairn Islands","PN",NA,NA,NA,NA,"Oceania"
"Poland","PL",2,4.3,2.38,6.6,"Europe"
"Portugal","PT",8,2.6,5.12,3.4,"Europe"
"Puerto Rico","PR",21,6,3.06,NA,"Central America and the Caribbean"
"Qatar","QA",9,5.7,2.69,1.3,"Middle East"
"Romania","RO",19,8.7,2.98,6.9,"Europe"
"Russia","RU",17,6.5,4.01,8.1,"Asia"
"Rwanda","RW",248,28,0.14,NA,"Africa"
"St. Barthélemy","BL",NA,5.6,NA,NA,"Central America and the Caribbean"
"St. Helena","SH",NA,12,NA,NA,"Africa"
"St. Kitts & Nevis","KN",NA,7.8,2.68,4.8,"Central America and the Caribbean"
"St. Pierre & Miquelon","PM",NA,6.1,NA,NA,"North America"
"St. Vincent & Grenadines","VC",98,11,0.66,4.3,"Central America and the Caribbean"
"Samoa","WS",43,17,0.34,NA,"Oceania"
"San Marino","SM",NA,4.2,6.11,3.8,"Europe"
"São Tomé & Príncipe","ST",130,41.7,0.05,2.9,"Africa"
"Saudi Arabia","SA",17,11.3,2.54,2.2,"Middle East"
"Senegal","SN",315,45.7,0.07,0.3,"Africa"
"Serbia","RS",12,5.6,3.11,5.6,"Europe"
"Seychelles","SC",NA,9.3,2.12,3.6,"Africa"
"Sierra Leone","SL",1120,63.6,0.03,NA,"Africa"
"Singapore","SG",8,2.3,2.29,2.5,"Southeast Asia"
"Sint Maarten","SX",NA,7.5,NA,NA,"Central America and the Caribbean"
"Slovakia","SK",5,4.9,3.42,5.8,"Europe"
"Slovenia","SI",7,1.7,3.09,4.5,"Europe"
"Solomon Islands","SB",104,13.4,0.19,1.4,"Oceania"
"Somalia","SO",829,89.5,0.02,0.9,"Africa"
"South Africa","ZA",119,27.8,0.91,2.3,"Africa"
"South Georgia & South Sandwich Islands","GS",NA,NA,NA,NA,"Antarctic Region"
"South Sudan","SS",1150,69.9,NA,NA,"Africa"
"Spain","ES",4,3.2,3.87,3,"Europe"
"Sri Lanka","LK",36,7.8,0.93,4.2,"Asia"
"Sudan","SD",295,41.8,0.26,0.7,"Africa"
"Suriname","SR",120,22.1,1.23,3,"South America"
"Svalbard & Jan Mayen","SJ",NA,NA,NA,NA,"Arctic Region"
"Sweden","SE",4,2.6,3.98,2.2,"Europe"
"Switzerland","CH",5,3.5,4.3,4.7,"Europe"
"Syria","SY",31,16.5,1.29,1.4,"Middle East"
"Taiwan","TW",NA,4.2,NA,NA,"Southeast Asia"
"Tajikistan","TJ",17,28.8,2.1,4.7,"Asia"
"Tanzania","TZ",524,36.4,0.01,0.7,"Africa"
"Thailand","TH",37,8.6,0.81,2.1,"Southeast Asia"
"Timor-Leste","TL",142,31.7,0.75,NA,"Southeast Asia"
"Togo","TG",396,38.5,0.03,0.7,"Africa"
"Tokelau","TK",NA,NA,2.72,NA,"Oceania"
"Tonga","TO",52,10.3,0.54,2.6,"Oceania"
"Trinidad & Tobago","TT",67,20.1,3.36,3,"Central America and the Caribbean"
"Tunisia","TN",43,11,1.3,2.2,"Africa"
"Turkey","TR",17,15.8,1.85,2.8,"Middle East"
"Turkmenistan","TM",7,30.8,2.22,4,"Asia"
"Turks & Caicos Islands","TC",NA,9.3,NA,NA,"Central America and the Caribbean"
"Tuvalu","TV",NA,26.6,0.91,NA,"Oceania"
"Uganda","UG",375,32.6,0.17,0.5,"Africa"
"Ukraine","UA",19,7.4,2.99,7.5,"AsiaEurope"
"United Arab Emirates","AE",3,5.3,2.44,1.4,"Middle East"
"United Kingdom","GB",7,4.1,2.79,2.5,"Europe"
"United States","US",19,5.3,2.61,NA,"North America"
"Uruguay","UY",17,7.8,5.08,2.4,"South America"
"Uzbekistan","UZ",29,16.3,2.37,4,"Asia"
"Vanuatu","VU",72,12.7,0.17,NA,"Oceania"
"Venezuela","VE",125,27.9,NA,0.9,"South America"
"Vietnam","VN",43,15.7,0.83,2.6,"Southeast Asia"
"Wallis & Futuna","WF",NA,4.2,NA,NA,"Oceania"
"Palestinian Territories","PS",27,12.8,1.45,1.3,"Middle East"
"Western Sahara","EH",NA,47.9,NA,NA,"Africa"
"Yemen","YE",164,41.9,0.53,0.7,"Middle East"
"Zambia","ZM",213,56,0.16,2,"Africa"
"Zimbabwe","ZW",458,30.3,0.19,1.7,"Africa"
